State,Congressional District,Age: 35 -- 64,Farms by Size: 1 to 9 acres (Number),Farms by Size: 1 to 9 acres (Percent of Total),Land in Farms by Use (%): Cropland,Market Value of Agricultural Products Sold: Crops,Market Value of Agricultural Products Sold: Total,Other characteristics: New and beginning farmers,Per farm average ($): Market value of products sold,Per farm average ($): Net cash farm income,Per farm average ($): Percent of state agriculture sales,Per farm average ($): Total farm production expenses,Percent of farms that: Are family farms,Percent of farms that: Have internet access,Percent of farms that: Hire farm labor,Race: White,Sex: Female,Sex: Male,Share of Sales by Type (%): Crops,Total ($): Market value of products sold,Total ($): Net cash farm income,Total ($): Total farm production expenses,Total Producers,"Total and Per Farm Overview, 2022: Average size of farm (acres)","Total and Per Farm Overview, 2022: Land in farms (acres)","Total and Per Farm Overview, 2022: Number of farms"
1,1,"2,456",348,13,42,"299,196","358,641","1,670","137,147","34,496",4,"113,520",95,74,23,"4,126","1,548","2,914",83,"358,641,000","90,206,000","296,854,000","4,462",237,"619,219","2,615"
1,2,"6,468",404,5,34,"390,478","2,690,231","4,157","357,221","124,660",30,"243,212",96,73,22,"11,558","4,399","8,176",15,"2,690,231,000","938,812,000","1,831,629,000","12,575",287,"2,161,826","7,531"
1,3,"4,928",425,8,26,"245,062","1,281,867","3,286","235,421","75,199",14,"165,675",97,78,21,"8,743","3,206","6,077",19,"1,281,867,000","409,460,000","902,098,000","9,283",227,"1,236,746","5,445"
1,4,"9,238",670,7,36,"293,702","3,044,380","5,356","295,485","92,954",34,"206,145",98,76,19,"16,583","6,176","11,178",10,"3,044,380,000","957,710,000","2,123,909,000","17,354",160,"1,645,153","10,303"
1,5,"4,639",432,9,55,"307,940","713,748","2,836","140,612","38,552",8,"105,980",96,78,20,"7,895","2,829","5,560",43,"713,748,000","195,690,000","537,956,000","8,389",184,"936,068","5,076"
1,6,"2,032",176,8,27,"54,059","378,756","1,376","170,919","56,091",4,"120,404",98,80,17,"3,690","1,417","2,343",14,"378,756,000","124,297,000","266,815,000","3,760",150,"331,664","2,216"
1,7,"3,337",206,5,25,"155,602","568,275","1,907","136,081","29,645",6,"115,211",95,69,26,"5,107","2,203","4,751",27,"568,275,000","123,799,000","481,123,000","6,954",407,"1,698,425","4,176"
2,1,"1,234",500,43,8,"39,693","90,850",791,"77,451","10,681",100,"72,247",93,89,25,"1,886",974,"1,071",44,"90,850,000","12,528,000","84,745,000","2,045",742,"869,852","1,173"
4,1,341,185,55,27,"173,346","188,954",194,"562,363","131,362",4,"458,831",92,87,31,565,311,288,92,"188,954,000","44,138,000","154,167,000",599,602,"202,438",336
4,2,"10,093","7,465",62,1,"245,644","1,064,629","3,973","87,884","8,788",20,"82,970",96,59,10,"3,749","10,422","10,086",23,"1,064,629,000","106,460,000","1,005,100,000","20,508","1,622","19,647,092","12,114"
4,3,61,27,42,92,(D),"58,139",43,"908,416","337,337",1,"584,295",83,95,50,117,50,87,(D),"58,139,000","21,590,000","37,395,000",137,65,"4,148",64
4,4,105,90,57,81,"15,071","15,234",96,"97,030","4,289",(Z),"109,647",86,74,32,256,95,175,99,"15,234,000","673,000","17,215,000",270,47,"7,346",157
4,5,450,258,70,71,"97,208","165,007",266,"448,388","83,015",3,"381,216",92,90,26,683,289,420,59,"165,007,000","30,550,000","140,287,000",709,188,"69,220",368
4,6,"1,732",414,24,17,"394,729","607,841","1,150","354,014","68,295",12,"308,077",90,86,29,"3,017","1,325","1,929",65,"607,841,000","117,262,000","528,968,000","3,254",922,"1,582,857","1,717"
4,7,705,198,27,6,"946,564","1,328,147",432,"1,792,371","603,386",26,"1,214,965",88,81,34,"1,316",577,825,71,"1,328,147,000","447,109,000","900,289,000","1,402","4,284","3,174,275",741
4,8,190,148,84,11,(D),"25,308",99,"143,796","42,534",(Z),"103,870",95,88,24,293,141,173,(D),"25,308,000","7,486,000","18,281,000",314,46,"8,043",176
4,9,"1,018",376,36,47,"1,095,488","1,749,456",632,"1,687,035","423,532",34,"1,293,477",87,88,35,"1,752",726,"1,181",63,"1,749,456,000","439,203,000","1,341,335,000","1,907",800,"829,668","1,037"
5,1,"12,140",444,3,74,"4,585,890","6,281,143","7,047","493,606","160,184",45,"353,964",92,82,31,"21,672","8,142","14,370",73,"6,281,143,000","2,038,340,000","4,504,191,000","22,512",625,"7,957,524","12,725"
5,2,"5,239",372,7,37,"118,591","654,078","3,439","119,926","37,494",5,"87,954",96,81,18,"9,473","4,028","5,782",18,"654,078,000","204,495,000","479,702,000","9,810",207,"1,127,963","5,454"
5,3,"7,043",582,8,28,"54,988","2,587,254","4,072","376,164","144,371",19,"236,874",97,84,20,"11,698","5,211","7,321",2,"2,587,254,000","992,987,000","1,629,216,000","12,532",173,"1,188,491","6,878"
5,4,"12,248",507,4,38,"579,085","4,376,674","7,267","344,647","131,600",31,"220,340",96,81,22,"21,013","8,899","13,672",13,"4,376,674,000","1,671,189,000","2,798,096,000","22,571",272,"3,448,547","12,699"
6,1,"8,209","1,763",21,35,"2,664,973","3,083,511","4,554","364,611","48,075",5,"364,110",91,86,33,"14,719","6,323","9,651",86,"3,083,511,000","406,573,000","3,079,276,000","15,974",520,"4,398,829","8,457"
6,2,"4,236","1,394",32,10,"678,589","1,073,947","2,788","244,468","16,384",2,"249,087",93,87,39,"8,064","3,503","5,022",63,"1,073,947,000","71,975,000","1,094,237,000","8,525",400,"1,758,717","4,393"
6,3,"3,002","1,218",40,17,"199,948","284,552","2,124","93,510","8,415",(Z),"100,265",94,88,24,"5,347","2,568","3,131",70,"284,552,000","25,608,000","305,106,000","5,699",242,"736,753","3,043"
6,4,"4,590","1,546",34,44,"1,962,943","2,173,859","2,999","484,371","52,378",4,"472,201",89,88,45,"8,570","3,530","5,561",90,"2,173,859,000","235,075,000","2,119,239,000","9,091",279,"1,251,025","4,488"
6,5,"5,417","1,384",26,30,"2,065,092","3,057,748","3,243","567,932","108,828",5,"484,520",93,84,31,"9,558","4,053","6,214",68,"3,057,748,000","585,931,000","2,608,653,000","10,267",318,"1,711,130","5,384"
6,6,139,80,48,60,(D),"93,445",107,"559,551","61,940",(Z),"522,931",92,92,40,273,100,194,(D),"93,445,000","10,344,000","87,329,000",294,240,"40,061",167
6,7,972,306,33,55,"357,599","456,246",703,"486,403","99,900",1,"417,772",93,86,39,"1,472",692,"1,024",78,"456,246,000","93,706,000","391,870,000","1,716",254,"238,501",938
6,8,186,63,31,14,"40,172","46,117",142,"229,437","54,634",(Z),"187,192",94,82,47,325,186,214,87,"46,117,000","10,981,000","37,626,000",400,606,"121,810",201
6,9,"3,322",796,23,65,"1,881,175","2,695,627","1,693","783,840","142,945",5,"675,553",89,86,44,"6,079","2,273","4,259",70,"2,695,627,000","491,588,000","2,323,225,000","6,532",239,"822,131","3,439"
6,10,270,133,40,11,"40,370","51,072",209,"152,000","6,404",(Z),"172,794",93,78,29,539,262,354,79,"51,072,000","2,152,000","58,059,000",616,419,"140,788",336
6,12,44,19,59,67,"91,433","91,456",42,"2,858,015","1,630,448",(Z),"1,229,715",66,88,59,62,35,31,100,"91,456,000","52,174,000","39,351,000",66,83,"2,667",32
6,13,"5,823",754,13,74,"5,849,867","11,272,283","2,587","1,958,354","350,842",19,"1,662,100",88,83,54,"9,790","3,407","7,489",52,"11,272,283,000","2,019,445,000","9,567,047,000","10,896",422,"2,428,412","5,756"
6,14,365,123,37,9,"26,157","41,056",238,"122,922","19,898",(Z),"166,392",87,87,27,611,279,375,64,"41,056,000","6,646,000","55,575,000",654,414,"138,359",334
6,15,7,9,64,(D),821,830,9,"59,307","71,235",(Z),"130,586",71,57,36,12,6,15,99,"830,000","997,000","1,828,000",21,(D),(D),14
6,16,322,196,51,14,"90,249","93,278",225,"241,652","37,762",(Z),"258,299",89,84,42,648,305,412,97,"93,278,000","14,576,000","99,704,000",717,147,"56,554",386
6,17,44,19,37,69,"37,539","37,637",14,"723,784","399,548",(Z),"1,163,991",85,63,42,73,32,64,100,"37,637,000","20,776,000","60,528,000",96,121,"6,290",52
6,18,"1,799",557,31,22,"5,272,987","5,363,016",960,"2,979,453","881,121",9,"2,132,580",88,87,46,"3,076","1,183","2,240",98,"5,363,016,000","1,586,017,000","3,838,644,000","3,423",897,"1,615,431","1,800"
6,19,"2,163",603,27,18,"1,844,876","1,893,096","1,339","856,217","195,841",3,"695,067",89,87,38,"4,016","1,743","2,536",97,"1,893,096,000","433,004,000","1,536,794,000","4,279",465,"1,027,852","2,211"
6,20,"3,502",774,21,38,"3,536,798","5,145,233","1,951","1,364,060","323,956",9,"1,088,694",86,86,42,"6,487","2,427","4,633",69,"5,145,233,000","1,221,963,000","4,106,552,000","7,060",614,"2,317,639","3,772"
6,21,"2,631",562,20,77,"2,219,201","2,888,651","1,145","1,018,206","240,816",5,"812,191",91,82,49,"4,248","1,610","3,396",77,"2,888,651,000","683,195,000","2,304,185,000","5,006",214,"606,079","2,837"
6,22,"2,383",360,16,61,"3,887,161","7,519,848","1,027","3,408,816","812,669",13,"2,667,899",86,84,57,"3,947","1,193","3,121",52,"7,519,848,000","1,792,748,000","5,885,384,000","4,314",894,"1,971,905","2,206"
6,23,515,388,61,38,"72,777","169,191",376,"265,189","44,329",(Z),"232,393",93,82,32,969,505,593,43,"169,191,000","28,282,000","148,267,000","1,098",71,"45,478",638
6,24,"2,664",815,31,28,"3,422,907","3,487,416","1,647","1,318,494","260,563",6,"1,103,917",87,88,50,"5,076","2,040","3,365",98,"3,487,416,000","689,190,000","2,919,861,000","5,405",417,"1,103,491","2,645"
6,25,"1,217",319,27,89,"3,009,742","3,869,398",693,"3,227,188","718,700",7,"2,616,641",87,79,60,"1,981",669,"1,535",78,"3,869,398,000","861,722,000","3,137,352,000","2,204",830,"994,838","1,199"
6,26,"1,343",640,42,51,"1,973,859","1,981,790",922,"1,295,287","295,178",3,"1,049,937",90,84,52,"2,610","1,084","1,833",100,"1,981,790,000","451,622,000","1,606,404,000","2,917",162,"248,031","1,530"
6,27,291,169,63,50,(D),"93,220",168,"345,260","107,831",(Z),"249,510",97,83,26,474,247,277,(D),"93,220,000","29,114,000","67,368,000",524,195,"52,679",270
6,28,71,53,62,16,"12,802","34,702",66,"408,255","76,122",(Z),"339,082",85,85,33,133,61,101,37,"34,702,000","6,470,000","28,822,000",162,108,"9,146",85
6,29,32,20,74,25,780,881,26,"32,634","92,636",(Z),"148,381",89,100,59,44,21,31,88,"881,000","2,501,000","4,006,000",52,5,142,27
6,30,65,65,84,26,"5,073","5,540",18,"71,951","26,641",(Z),"96,296",91,87,32,131,74,66,92,"5,540,000","2,051,000","7,415,000",140,8,593,77
6,31,58,37,80,81,"23,934","24,044",33,"522,694","79,129",(Z),"458,821",70,87,54,87,31,67,100,"24,044,000","3,640,000","21,106,000",98,9,433,46
6,32,108,42,46,18,"7,364","7,873",57,"85,578","28,031",(Z),"120,978",86,93,59,185,73,131,94,"7,873,000","2,579,000","11,130,000",204,102,"9,389",92
6,33,37,55,80,83,"6,015","6,226",18,"90,236","10,748",(Z),"106,903",93,68,41,96,53,53,97,"6,226,000","742,000","7,376,000",106,23,"1,617",69
6,34,10,16,100,(D),(D),(D),14,(D),(D),(D),"35,002",100,88,31,19,12,9,(D),(D),(D),"560,000",21,(D),(D),16
6,35,99,37,42,49,"37,260","265,322",49,"2,981,151","314,646",(Z),"2,687,600",85,75,66,132,47,114,14,"265,322,000","28,003,000","239,196,000",161,55,"4,883",89
6,36,46,13,42,50,(D),"3,468",35,"111,858",(D),(Z),"209,357",94,74,55,72,32,55,(D),"3,468,000",(D),"6,490,000",87,33,"1,011",31
6,38,47,47,94,80,(D),"7,636",43,"152,721","31,577",(Z),"127,538",92,82,70,60,27,71,(D),"7,636,000","1,579,000","6,377,000",98,4,216,50
6,39,195,190,77,27,"67,005","67,485",119,"273,217",746,(Z),"284,408",94,80,32,389,191,244,99,"67,485,000","184,000","70,249,000",435,65,"16,122",247
6,40,101,71,58,31,(D),"44,595",57,"365,529","31,253",(Z),"402,197",80,81,57,168,83,131,(D),"44,595,000","3,813,000","49,068,000",214,59,"7,184",122
6,41,630,406,59,60,"229,661","344,195",357,"503,209","162,237",1,"356,816",94,78,28,"1,154",556,707,67,"344,195,000","110,970,000","244,062,000","1,263",111,"75,760",684
6,42,53,30,79,19,"4,909","4,909",39,"129,191","12,607",(Z),"129,218",58,74,74,73,28,66,100,"4,909,000","479,000","4,910,000",94,23,863,38
6,43,42,25,76,90,"19,713","22,415",18,"679,256","122,838",(Z),"573,448",73,85,67,48,25,48,88,"22,415,000","4,054,000","18,924,000",73,6,192,33
6,44,15,10,63,85,(D),"23,845",2,"1,490,319","646,924",(Z),"847,770",81,69,94,20,3,25,(D),"23,845,000","10,351,000","13,564,000",28,13,200,16
6,45,16,13,48,60,(D),"3,070",2,"113,712",(D),(Z),"159,254",70,85,74,28,9,32,(D),"3,070,000",(D),"4,300,000",41,17,455,27
6,46,14,12,63,99,"9,478","9,478",5,"498,818",(D),(Z),"681,441",58,95,84,21,15,24,100,"9,478,000",(D),"12,947,000",39,112,"2,136",19
6,47,29,7,24,83,"18,244","18,254",16,"629,435","204,266",(Z),"660,216",72,90,62,41,12,37,100,"18,254,000","5,924,000","19,146,000",49,77,"2,225",29
6,48,"2,884","2,333",69,27,"337,598","389,688","2,463","114,817","10,832",1,"115,357",96,87,33,"5,632","2,624","3,538",87,"389,688,000","36,764,000","391,522,000","6,162",42,"143,119","3,394"
6,49,607,435,69,21,"284,456","289,161",450,"460,448","19,090",(Z),"451,668",89,85,46,"1,124",475,748,98,"289,161,000","11,988,000","283,648,000","1,223",71,"44,513",628
6,50,610,468,74,41,"405,335","412,392",410,"653,553","157,131",1,"502,626",94,86,44,"1,052",471,670,98,"412,392,000","99,149,000","317,157,000","1,141",41,"25,918",631
6,51,70,35,45,46,"10,832","40,749",49,"522,417","137,327",(Z),"386,442",78,82,59,96,29,92,27,"40,749,000","10,711,000","30,142,000",121,24,"1,887",78
6,52,46,35,52,46,"15,445","15,747",43,"235,028","76,551",(Z),"159,687",90,72,39,86,34,67,98,"15,747,000","5,129,000","10,699,000",101,86,"5,765",67
8,1,37,22,58,73,(D),(D),37,(D),"3,047",(D),"33,580",55,79,45,67,33,40,(D),(D),"116,000","1,276,000",73,23,870,38
8,2,"3,982",725,18,23,"129,801","462,752","2,669","116,299","21,238",5,"109,281",93,88,20,"7,365","3,166","4,318",28,"462,752,000","84,506,000","434,829,000","7,484",489,"1,945,094","3,979"
8,3,"13,012","2,364",18,15,"714,757","1,197,967","8,811","89,394","22,652",13,"79,582",94,82,19,"24,784","10,413","15,060",60,"1,197,967,000","303,558,000","1,066,472,000","25,473",711,"9,528,673","13,401"
8,4,"13,551",798,6,47,"1,615,821","5,993,026","8,823","441,605","83,813",65,"393,767",92,82,21,"24,756","10,206","15,124",27,"5,993,026,000","1,137,431,000","5,343,807,000","25,330","1,264","17,150,959","13,571"
8,5,688,127,19,6,(D),"15,667",579,"23,419","11,413",(Z),"42,236",94,86,14,"1,154",533,686,(D),"15,667,000","7,635,000","28,256,000","1,219",289,"193,239",669
8,6,180,21,13,37,(D),(D),151,(D),"18,517",(D),"95,380",91,81,23,318,126,205,(D),(D),"3,018,000","15,547,000",331,488,"79,593",163
8,7,"2,046",603,28,9,(D),"63,724","1,520","29,191","3,370",1,"37,644",94,84,16,"4,017","1,751","2,337",(D),"63,724,000","7,356,000","82,176,000","4,088",336,"733,201","2,183"
8,8,"2,115",521,25,61,"307,739","1,479,254","1,576","720,884","156,139",16,"578,840",93,84,18,"3,720","1,518","2,336",21,"1,479,254,000","320,397,000","1,187,780,000","3,854",284,"582,270","2,052"
9,1,546,210,35,44,"77,991","81,724",408,"134,415","24,697",12,"121,583",93,84,27,"1,142",443,719,95,"81,724,000","15,016,000","73,922,000","1,162",57,"34,920",608
9,2,"2,174",618,25,41,"253,453","393,395","1,392","159,398","38,437",56,"138,361",95,87,22,"4,410","1,868","2,618",64,"393,395,000","94,861,000","341,474,000","4,486",76,"187,253","2,468"
9,3,448,208,43,42,"32,834","37,738",277,"78,456",536,5,"88,826",91,84,33,917,346,594,87,"37,738,000","258,000","42,725,000",940,44,"21,058",481
9,4,236,113,45,6,"17,126","30,636",162,"122,543","12,801",4,"161,801",92,87,47,495,221,274,56,"30,636,000","3,200,000","40,450,000",495,155,"38,785",250
9,5,"1,076",391,31,41,"127,878","160,541",740,"128,330","24,342",23,"120,229",94,84,26,"2,270",976,"1,315",80,"160,541,000","30,452,000","150,406,000","2,291",72,"89,998","1,251"
10,1,"1,986",313,15,81,"470,700","2,095,755",950,"971,156","414,476",100,"580,391",92,79,32,"3,654","1,305","2,507",22,"2,095,755,000","894,439,000","1,252,484,000","3,812",242,"522,834","2,158"
12,1,"1,967",271,13,53,"111,267","142,936","1,476","66,855","5,326",1,"68,486",97,82,15,"3,542","1,537","2,246",78,"142,936,000","11,387,000","146,424,000","3,783",126,"269,950","2,138"
12,2,"4,545",594,11,24,"375,250","590,999","3,101","110,715","25,146",6,"98,041",95,77,21,"8,476","3,615","5,588",63,"590,999,000","134,228,000","523,345,000","9,203",272,"1,450,205","5,338"
12,3,"8,044","1,309",15,37,"527,164","1,284,659","4,997","145,028","33,199",13,"127,317",96,82,22,"14,820","6,901","8,739",41,"1,284,659,000","294,080,000","1,127,776,000","15,640",143,"1,266,867","8,858"
12,4,885,268,29,6,"8,094","25,845",545,"27,642","2,890",(Z),"39,131",97,77,14,"1,514",673,907,31,"25,845,000","2,703,000","36,587,000","1,580",109,"101,810",935
12,5,209,68,39,36,"26,899","27,536",170,"159,166","9,563",(Z),"170,779",88,90,36,362,198,172,98,"27,536,000","1,654,000","29,545,000",370,74,"12,811",173
12,6,"3,138",948,26,18,"467,327","531,259","2,176","147,408","33,478",5,"126,794",94,79,24,"5,955","2,707","3,584",88,"531,259,000","120,656,000","456,967,000","6,291",118,"425,983","3,604"
12,7,947,416,43,15,"43,982","53,690",643,"55,927","5,654",1,"60,506",93,82,21,"1,571",755,944,82,"53,690,000","5,428,000","58,086,000","1,699",77,"74,318",960
12,8,"1,203",507,44,19,"228,929","282,721",872,"245,844","44,163",3,"211,058",90,83,30,"2,006",830,"1,268",81,"282,721,000","50,788,000","242,716,000","2,098",282,"324,754","1,150"
12,9,438,162,36,6,"66,005","137,376",259,"305,280","9,306",1,"310,767",91,75,30,797,337,524,48,"137,376,000","4,188,000","139,845,000",861,"1,501","675,333",450
12,10,93,91,67,17,(D),(D),77,(D),"6,558",(D),"53,153",84,69,21,186,90,120,(D),(D),"885,000","7,176,000",210,61,"8,256",135
12,11,"2,437",649,25,22,"506,507","570,637","1,471","217,137","63,172",6,"162,520",92,78,26,"4,427","1,943","2,763",89,"570,637,000","166,016,000","427,103,000","4,706",130,"341,857","2,628"
12,12,"2,242",616,27,25,"112,152","193,363","1,454","84,845","4,850",2,"83,911",95,82,18,"3,913","1,825","2,280",58,"193,363,000","11,052,000","191,234,000","4,105",102,"231,996","2,279"
12,13,107,73,72,36,"6,831","7,075",97,"70,051","3,090",(Z),"83,475",94,89,48,209,104,106,97,"7,075,000","312,000","8,431,000",210,37,"3,728",101
12,14,230,112,51,62,"39,605","40,323",145,"183,285","66,713",(Z),"128,261",85,86,36,381,170,236,98,"40,323,000","14,677,000","28,217,000",406,30,"6,623",220
12,15,"1,536",554,34,30,"468,145","495,458",963,"306,595","67,165",5,"246,277",91,78,26,"2,688","1,128","1,707",94,"495,458,000","108,539,000","397,984,000","2,835",102,"164,994","1,616"
12,16,"1,386",428,30,33,"438,381","508,843",741,"361,908","79,982",5,"296,361",90,81,30,"2,397","1,064","1,484",86,"508,843,000","112,455,000","416,683,000","2,548",214,"301,084","1,406"
12,17,893,374,40,22,"134,315","153,814",596,"163,459","22,623",2,"155,847",87,78,27,"1,598",704,942,87,"153,814,000","21,288,000","146,652,000","1,646",222,"209,087",941
12,18,"5,034",859,16,28,"1,625,523","2,142,240","2,516","400,494","92,238",21,"327,372",88,76,33,"9,197","3,448","6,141",76,"2,142,240,000","493,380,000","1,751,112,000","9,589",523,"2,795,219","5,349"
12,19,469,241,50,44,"166,342","180,894",417,"376,863","69,757",2,"324,319",92,81,36,806,312,540,92,"180,894,000","33,483,000","155,673,000",852,168,"80,435",480
12,20,599,297,55,83,"696,434","706,219",344,"1,310,240","494,849",7,"863,594",85,90,48,906,445,596,99,"706,219,000","266,724,000","465,477,000","1,041",545,"293,741",539
12,21,"1,531",659,46,28,"315,596","344,803","1,138","240,953","45,119",3,"214,961",86,83,31,"2,358","1,001","1,525",92,"344,803,000","64,566,000","307,609,000","2,526",268,"383,988","1,431"
12,22,465,256,58,95,"396,113","421,024",298,"956,873","328,466",4,"693,842",80,88,56,760,317,497,94,"421,024,000","144,525,000","305,291,000",814,308,"135,425",440
12,23,133,106,81,51,"21,084","21,323",126,"162,772","13,715",(Z),"180,018",76,83,38,208,96,142,99,"21,323,000","1,797,000","23,582,000",238,19,"2,468",131
12,24,30,13,52,27,(D),(D),30,(D),"16,284",(D),"123,174",92,88,44,23,8,29,(D),(D),"407,000","3,079,000",37,28,696,25
12,25,552,397,84,56,(D),"54,130",378,"114,925","5,546",1,"125,614",86,91,46,831,387,526,(D),"54,130,000","2,612,000","59,164,000",913,6,"2,963",471
12,26,261,146,51,28,"159,447","162,684",138,"564,875","119,013",2,"484,197",84,73,39,461,166,310,98,"162,684,000","34,276,000","139,449,000",476,247,"71,045",288
12,27,380,281,74,76,(D),"158,209",234,"415,246","117,452",2,"304,856",90,77,32,623,273,397,(D),"158,209,000","44,749,000","116,150,000",670,15,"5,764",381
12,28,"2,353","1,608",72,71,"953,782","977,532","1,432","437,179","97,227",10,"349,391",91,79,35,"3,531","1,438","2,468",98,"977,532,000","217,399,000","781,239,000","3,906",27,"60,000","2,236"
13,1,"2,508",367,15,40,"242,832","513,171","1,730","203,801","73,647",4,"146,619",96,78,25,"4,253","1,521","2,878",47,"513,171,000","185,442,000","369,188,000","4,399",218,"550,103","2,518"
13,2,"4,549",255,5,54,"1,518,217","2,570,111","2,936","484,652","155,503",19,"360,548",92,76,33,"8,163","3,044","6,112",59,"2,570,111,000","824,633,000","1,911,984,000","9,156",515,"2,732,457","5,303"
13,3,"3,048",273,8,27,"84,475","641,318","2,142","185,620","64,440",5,"125,301",96,79,22,"5,528","2,214","3,624",13,"641,318,000","222,641,000","432,915,000","5,838",153,"527,775","3,455"
13,4,83,24,21,21,"1,317","2,255",65,"19,958","11,576",(Z),"38,409",95,83,33,182,85,111,58,"2,255,000","1,308,000","4,340,000",196,105,"11,815",113
13,5,19,17,71,12,558,710,18,"29,597","7,288",(Z),"42,144",100,92,67,29,12,27,79,"710,000","175,000","1,011,000",39,131,"3,145",24
13,6,651,120,17,26,"11,852","177,365",328,"248,411","97,507",1,"161,471",95,81,26,"1,252",517,768,7,"177,365,000","69,620,000","115,290,000","1,285",68,"48,264",714
13,7,122,24,25,29,"6,080","6,363",67,"66,281","7,661",(Z),"72,638",97,79,27,187,95,116,96,"6,363,000","735,000","6,973,000",211,38,"3,682",96
13,8,"5,712",524,8,55,"1,338,280","2,291,391","3,643","344,104","102,622",17,"263,848",94,79,30,"10,284","3,615","7,422",58,"2,291,391,000","683,362,000","1,756,963,000","11,037",343,"2,285,919","6,659"
13,9,"4,264",442,10,32,"80,443","2,097,670","2,586","486,247","184,124",16,"306,477",95,82,24,"7,357","2,825","4,779",4,"2,097,670,000","794,310,000","1,322,144,000","7,604",96,"413,052","4,314"
13,10,"4,581",440,8,25,"104,068","2,027,070","2,878","385,741","143,927",15,"247,177",96,81,22,"8,266","3,252","5,557",5,"2,027,070,000","756,334,000","1,298,915,000","8,809",157,"826,983","5,255"
13,11,818,149,17,33,"33,620","210,678",634,"238,055","61,876",2,"180,610",94,77,18,"1,445",573,933,16,"210,678,000","54,760,000","159,840,000","1,506",109,"96,836",885
13,12,"5,537",347,5,46,"830,370","1,477,840","3,764","232,401","74,773",11,"172,312",95,75,23,"10,025","3,754","7,051",56,"1,477,840,000","475,480,000","1,095,735,000","10,805",306,"1,944,842","6,359"
13,13,163,60,35,21,"1,406","2,314",141,"13,378","7,130",(Z),"33,849",95,93,26,243,130,160,61,"2,314,000","1,233,000","5,856,000",290,69,"11,944",173
13,14,"3,310",303,9,34,"75,054","1,221,115","2,153","359,574","139,942",9,"225,535",95,83,20,"5,771","2,123","3,784",6,"1,221,115,000","475,244,000","765,916,000","5,907",142,"482,496","3,396"
15,1,272,199,72,46,"56,243","65,608",214,"236,000","51,707",10,"194,224",83,78,36,131,200,319,86,"65,608,000","14,375,000","53,994,000",519,62,"17,097",278
15,2,"5,150","4,032",64,14,"458,252","608,168","3,948","96,673","20,396",90,"90,013",94,80,24,"6,160","4,894","6,420",75,"608,168,000","128,312,000","566,269,000","11,314",165,"1,036,205","6,291"
16,1,"11,262","2,961",27,39,"1,153,958","2,398,365","7,334","217,007","39,569",22,"192,976",96,85,19,"19,967","8,584","11,892",48,"2,398,365,000","437,318,000","2,132,767,000","20,476",369,"4,081,126","11,052"
16,2,"13,092","2,824",24,54,"3,610,836","8,493,836","7,464","718,295","135,034",78,"607,623",93,85,30,"22,542","8,365","14,492",43,"8,493,836,000","1,596,773,000","7,185,137,000","22,857",631,"7,466,837","11,825"
17,1,512,93,16,95,"162,305","165,191",310,"284,812","104,695",1,"191,726",93,84,25,971,301,709,98,"165,191,000","60,723,000","111,201,000","1,010",296,"171,620",580
17,2,"3,618",386,8,95,"2,001,677","2,311,225","2,014","504,965","204,798",9,"325,180",93,83,30,"7,689","2,111","5,637",87,"2,311,225,000","937,359,000","1,488,349,000","7,748",447,"2,047,235","4,577"
17,3,22,20,80,17,"5,742","5,795",18,"231,804","129,177",(Z),"206,377",80,100,40,38,14,28,99,"5,795,000","3,229,000","5,159,000",42,22,556,25
17,5,56,24,49,55,"1,236","2,143",53,"43,727",(D),(Z),"66,256",94,86,22,97,39,60,58,"2,143,000",(D),"3,247,000",99,25,"1,241",49
17,6,30,17,52,44,"4,571","4,641",26,"140,625","92,025",(Z),"221,437",67,85,39,73,26,47,98,"4,641,000","3,037,000","7,307,000",73,(D),(D),33
17,8,76,26,37,82,"53,905","58,142",27,"830,606","230,355",(Z),"628,176",77,76,41,127,52,75,93,"58,142,000","16,125,000","43,972,000",127,94,"6,606",70
17,9,103,57,61,87,"8,599","9,189",93,"98,802","17,758",(Z),"98,221",91,77,41,187,64,135,94,"9,189,000","1,651,000","9,135,000",199,54,"5,009",93
17,10,396,158,36,80,"80,053","83,723",273,"188,991","30,272",(Z),"182,045",92,81,27,783,287,500,96,"83,723,000","13,411,000","80,646,000",787,156,"69,184",443
17,11,"1,008",228,22,93,"313,650","423,832",552,"411,088","109,861",2,"324,197",92,84,30,"1,833",643,"1,203",74,"423,832,000","113,267,000","334,247,000","1,846",269,"276,959","1,031"
17,12,"16,530","1,015",5,84,"4,290,406","5,371,195","7,994","285,171","97,588",20,"202,019",94,75,21,"31,531","8,711","23,020",80,"5,371,195,000","1,838,073,000","3,805,024,000","31,731",344,"6,477,882","18,835"
17,13,"2,335",279,11,90,"1,019,898","1,108,216","1,265","418,511","169,220",4,"270,873",92,83,24,"4,538","1,293","3,298",92,"1,108,216,000","448,095,000","717,272,000","4,591",403,"1,068,002","2,648"
17,14,"2,200",330,13,94,"967,682","1,110,549","1,206","440,869","158,110",4,"301,997",92,86,27,"4,291","1,200","3,117",87,"1,110,549,000","398,280,000","760,730,000","4,317",355,"893,006","2,519"
17,15,"18,603","1,648",8,85,"7,005,021","8,166,106","10,038","382,738","151,948",31,"250,644",93,78,25,"36,370","10,132","26,446",86,"8,166,106,000","3,241,973,000","5,347,746,000","36,578",395,"8,433,624","21,336"
17,16,"10,668","1,261",10,91,"4,326,505","5,046,364","5,576","407,655","158,900",19,"270,274",93,83,26,"20,810","5,911","15,002",86,"5,046,364,000","1,967,018,000","3,345,718,000","20,913",364,"4,507,154","12,379"
17,17,"5,799",503,8,84,"2,046,529","2,548,713","3,064","392,653","148,011",10,"265,840",93,81,27,"11,139","3,128","8,107",80,"2,548,713,000","960,738,000","1,725,570,000","11,235",359,"2,333,422","6,491"
18,1,"1,024",127,12,89,"280,637","299,878",590,"289,457","88,181",2,"215,818",92,84,22,"1,834",641,"1,212",94,"299,878,000","91,355,000","223,588,000","1,853",323,"335,014","1,036"
18,2,"7,190","1,150",15,90,"1,719,447","2,984,400","3,910","390,526","127,446",17,"275,978",95,65,23,"13,396","4,525","8,956",58,"2,984,400,000","973,943,000","2,109,024,000","13,481",265,"2,028,896","7,642"
18,3,"10,917","1,433",13,88,"1,704,138","3,308,846","5,550","302,565","100,487",18,"211,651",95,58,20,"19,173","6,380","12,874",52,"3,308,846,000","1,098,930,000","2,314,614,000","19,254",203,"2,222,406","10,936"
18,4,"7,100",976,13,90,"2,714,607","3,858,153","3,757","510,068","169,699",21,"358,889",91,82,27,"13,379","4,389","9,113",70,"3,858,153,000","1,283,602,000","2,714,640,000","13,502",392,"2,963,374","7,564"
18,5,"2,773",479,16,94,"903,608","1,000,181","1,606","336,761","106,986",6,"243,542",93,85,26,"5,262","1,804","3,504",90,"1,000,181,000","317,750,000","723,320,000","5,308",316,"939,828","2,970"
18,6,"4,342",634,14,91,"1,254,510","1,513,527","2,094","325,840","111,786",8,"227,748",95,81,26,"7,961","2,656","5,356",83,"1,513,527,000","519,246,000","1,057,889,000","8,012",306,"1,422,272","4,645"
18,7,88,30,47,76,"2,909","4,362",93,"68,149","10,167",(Z),"88,609",72,94,48,121,54,86,67,"4,362,000","651,000","5,671,000",140,31,"1,992",64
18,8,"9,368",838,8,81,"2,257,442","3,517,997","4,590","355,497","139,123",20,"228,488",94,74,22,"17,378","5,363","12,158",64,"3,517,997,000","1,376,760,000","2,261,119,000","17,521",302,"2,984,535","9,896"
18,9,"8,244",751,8,68,"953,077","1,541,690","4,238","174,281","53,926",9,"128,660",96,77,18,"15,094","5,149","10,062",62,"1,541,690,000","477,033,000","1,138,124,000","15,211",193,"1,703,923","8,846"
19,1,"17,202","1,545",8,82,"3,881,410","6,538,848","9,159","353,051","116,689",15,"256,960",93,81,23,"32,976","11,235","21,907",59,"6,538,848,000","2,161,190,000","4,759,150,000","33,142",293,"5,426,304","18,521"
19,2,"21,879","1,974",8,88,"6,085,924","10,828,489","11,271","459,379","152,685",25,"331,597",94,82,27,"41,470","13,566","28,042",56,"10,828,489,000","3,599,090,000","7,816,407,000","41,608",300,"7,069,032","23,572"
19,3,"13,404",949,6,75,"2,736,176","4,434,869","7,436","298,102","92,541",10,"228,120",94,78,22,"26,381","9,209","17,341",62,"4,434,869,000","1,376,740,000","3,393,734,000","26,550",363,"5,393,072","14,877"
19,4,"27,080","2,802",9,93,"10,861,271","22,133,281","13,398","739,230","252,924",50,"520,072",92,84,32,"52,207","16,253","36,127",49,"22,133,281,000","7,572,783,000","15,571,469,000","52,380",404,"12,089,757","29,941"
20,1,"24,036",810,3,68,"5,372,351","17,937,215","13,212","673,622","108,036",75,"607,072",91,80,28,"48,126","16,342","32,287",30,"17,937,215,000","2,876,785,000","16,165,119,000","48,629","1,054","28,064,054","26,628"
20,2,"14,973",993,6,54,"1,625,254","2,922,083","8,331","183,663","43,413",12,"155,603",95,79,20,"27,651","10,035","18,380",56,"2,922,083,000","690,698,000","2,475,639,000","28,415",495,"7,875,909","15,910"
20,3,"3,094",260,8,59,"192,461","306,071","1,901","93,286","15,114",1,"88,433",96,78,17,"5,697","2,159","3,649",63,"306,071,000","49,588,000","290,149,000","5,808",265,"869,150","3,281"
20,4,"8,879",476,5,55,"1,225,950","2,819,776","5,091","284,395","45,866",12,"262,240",93,79,24,"17,450","6,043","11,760",43,"2,819,776,000","454,762,000","2,600,113,000","17,803",805,"7,985,589","9,915"
21,1,"19,038","1,259",6,65,"2,127,493","3,874,580","10,254","189,235","65,450",48,"133,534",97,74,21,"34,364","11,777","23,119",55,"3,874,580,000","1,340,088,000","2,734,102,000","34,896",232,"4,751,456","20,475"
21,2,"15,021","1,042",7,56,"999,303","2,032,887","8,073","128,072","41,016",25,"94,112",97,74,16,"26,459","9,141","17,719",49,"2,032,887,000","651,049,000","1,493,836,000","26,860",174,"2,768,197","15,873"
21,3,118,38,27,58,"2,123","2,958",63,"20,981","6,703",(Z),"23,744",89,89,21,225,95,139,72,"2,958,000","945,000","3,348,000",234,43,"6,037",141
21,4,"11,562",821,7,41,"290,460","441,962","6,523","36,641","3,355",6,"36,975",97,76,17,"20,864","7,783","13,336",66,"441,962,000","40,463,000","445,988,000","21,119",138,"1,668,636","12,062"
21,5,"9,958",817,8,30,"145,828","345,018","5,684","32,728","3,711",4,"30,997",98,76,17,"17,590","6,292","11,548",42,"345,018,000","39,125,000","326,773,000","17,840",149,"1,574,906","10,542"
21,6,"10,058",822,8,38,"226,151","1,308,340","6,062","126,630","37,260",16,"106,587",96,79,22,"17,927","6,794","11,389",17,"1,308,340,000","384,971,000","1,101,257,000","18,183",161,"1,661,958","10,332"
22,1,"1,292",379,26,10,"36,885","75,379",856,"51,665","2,345",2,"53,436",94,85,20,"2,412",990,"1,490",49,"75,379,000","3,422,000","77,963,000","2,480",303,"442,754","1,459"
22,2,254,84,25,45,"187,663","193,868",206,"585,705","171,858",4,"423,609",89,85,30,540,165,415,97,"193,868,000","56,885,000","140,214,000",580,775,"256,618",331
22,3,"4,546",668,14,57,"848,495","1,012,672","2,609","212,836","52,229",21,"172,293",93,79,26,"7,470","2,532","5,345",84,"1,012,672,000","248,508,000","819,771,000","7,877",349,"1,661,028","4,758"
22,4,"6,651",655,9,41,"326,537","1,053,481","4,067","146,949","49,268",22,"105,049",95,77,20,"10,851","4,533","7,742",31,"1,053,481,000","353,199,000","753,098,000","12,275",241,"1,724,615","7,169"
22,5,"8,746",833,8,65,"1,712,290","2,171,596","5,122","221,275","58,522",45,"177,586",92,75,26,"15,459","6,013","10,818",79,"2,171,596,000","574,335,000","1,742,833,000","16,831",368,"3,611,606","9,814"
22,6,"1,516",394,27,60,"254,804","300,126",918,"203,475","47,692",6,"160,315",95,80,20,"2,245",927,"1,581",85,"300,126,000","70,345,000","236,465,000","2,508",196,"289,760","1,475"
23,1,"2,310",580,24,36,"78,685","165,747","1,612","69,700","13,187",19,"65,170",95,90,27,"4,335","1,985","2,431",47,"165,747,000","31,359,000","154,973,000","4,416",93,"220,997","2,378"
23,2,"4,498",671,14,37,"492,572","703,780","3,069","151,091","47,548",81,"111,757",96,84,27,"8,365","3,643","4,994",70,"703,780,000","221,478,000","520,565,000","8,637",216,"1,004,049","4,658"
24,1,"4,347",571,12,77,"903,037","2,581,107","2,349","558,560","165,146",76,"414,293",93,82,27,"8,115","2,984","5,495",35,"2,581,107,000","763,138,000","1,914,450,000","8,479",227,"1,050,281","4,621"
24,2,"1,592",332,21,68,"123,197","181,162",954,"116,653","27,162",5,"100,552",94,85,20,"2,876","1,188","1,719",68,"181,162,000","42,182,000","156,157,000","2,907",106,"165,253","1,553"
24,3,575,167,32,56,"34,496","38,446",413,"72,814","3,237",1,"91,642",90,88,30,"1,022",458,622,90,"38,446,000","1,709,000","48,387,000","1,080",93,"49,141",528
24,4,80,36,46,37,"4,151","6,352",62,"81,438","9,555",(Z),"116,519",90,83,29,131,76,81,65,"6,352,000","745,000","9,088,000",157,70,"5,427",78
24,5,"2,016",360,18,58,"91,069","109,127","1,240","54,728","8,683",3,"52,634",95,75,20,"3,505","1,346","2,345",83,"109,127,000","17,314,000","104,953,000","3,691",99,"198,365","1,994"
24,6,"3,653",434,12,66,"222,571","439,248","2,091","124,609","31,672",13,"105,684",95,79,22,"6,528","2,554","4,105",51,"439,248,000","111,643,000","372,538,000","6,659",139,"491,708","3,525"
24,7,23,22,81,45,914,940,36,"34,805","93,599",(Z),"148,317",59,70,37,27,28,29,97,"940,000","2,527,000","4,005,000",57,12,332,27
24,8,273,116,52,67,"20,154","21,689",174,"96,828","10,463",1,"100,241",93,84,27,442,226,251,93,"21,689,000","2,344,000","22,454,000",477,78,"17,529",224
25,1,"1,657",417,24,30,"58,048","89,319","1,025","51,304","7,151",15,"55,810",95,86,20,"3,229","1,424","1,860",65,"89,319,000","12,450,000","97,166,000","3,284",90,"155,834","1,741"
25,2,"1,867",453,24,35,"139,678","180,367","1,115","95,231","15,192",30,"93,975",94,87,28,"3,488","1,534","2,047",77,"180,367,000","28,774,000","177,989,000","3,581",77,"145,960","1,894"
25,3,857,346,39,44,"56,764","69,300",594,"78,571","4,811",11,"91,109",94,84,31,"1,440",742,852,82,"69,300,000","4,243,000","80,358,000","1,594",42,"37,259",882
25,4,486,138,26,36,"33,424","39,872",225,"74,111","6,384",7,"88,544",91,84,29,904,389,532,84,"39,872,000","3,435,000","47,637,000",921,50,"27,138",538
25,5,108,49,53,59,"32,205","32,403",67,"348,425","64,431",5,"293,206",68,81,58,199,74,129,99,"32,403,000","5,992,000","27,268,000",203,33,"3,053",93
25,6,421,148,34,43,"25,048","34,667",224,"78,788","10,306",6,"93,990",93,92,38,834,415,427,72,"34,667,000","4,535,000","41,356,000",842,37,"16,340",440
25,7,10,13,57,63,948,"1,161",12,"50,464",(D),(Z),"178,629",70,83,35,31,18,14,82,"1,161,000",(D),"4,108,000",32,11,243,23
25,8,172,55,41,49,"5,790","8,048",87,"60,510",(D),1,"70,098",86,89,35,297,132,180,72,"8,048,000",(D),"9,323,000",312,36,"4,777",133
25,9,"1,256",552,41,33,"106,489","152,024",721,"113,536","25,645",25,"115,834",90,85,40,"2,439",963,"1,552",70,"152,024,000","34,338,000","155,101,000","2,515",55,"73,847","1,339"
26,1,"7,007",717,10,57,"434,311","915,618","4,772","126,432","29,535",7,"106,032",96,77,20,"12,800","4,856","8,218",47,"915,618,000","213,895,000","767,882,000","13,074",179,"1,296,181","7,242"
26,2,"9,841",973,10,77,"1,407,882","3,132,451","5,669","312,153","76,381",26,"247,578",96,77,21,"17,376","6,086","11,501",45,"3,132,451,000","766,480,000","2,484,446,000","17,587",207,"2,081,646","10,035"
26,3,"1,013",175,20,73,"344,436","576,674",483,"646,495","155,639",5,"510,969",92,88,34,"1,672",575,"1,118",60,"576,674,000","138,830,000","455,785,000","1,693",130,"115,924",892
26,4,"3,328",544,17,78,"904,028","1,638,756","1,844","504,854","115,351",13,"406,204",95,83,31,"5,691","2,018","3,842",55,"1,638,756,000","374,430,000","1,318,537,000","5,860",166,"537,983","3,246"
26,5,"7,789","1,024",12,83,"1,564,408","2,293,446","4,279","279,008","69,891",19,"222,859",96,77,22,"14,054","4,830","9,427",68,"2,293,446,000","574,507,000","1,831,901,000","14,257",246,"2,023,322","8,220"
26,6,"1,592",279,19,82,"136,811","180,185","1,189","122,242","16,252",1,"117,705",94,87,26,"2,639","1,078","1,622",76,"180,185,000","23,955,000","173,497,000","2,700",129,"190,124","1,474"
26,7,"4,480",721,16,86,"497,693","874,328","2,687","195,075","44,453",7,"158,510",96,84,20,"7,735","2,946","4,966",57,"874,328,000","199,239,000","710,441,000","7,912",197,"881,711","4,482"
26,8,"2,727",355,12,89,"495,313","533,718","1,551","173,398","42,284",4,"140,795",95,79,22,"5,011","1,650","3,480",93,"533,718,000","130,151,000","433,366,000","5,130",216,"664,743","3,078"
26,9,"6,601",851,13,88,"1,209,201","2,013,314","3,622","302,027","83,791",16,"232,888",95,80,24,"11,599","3,943","7,809",60,"2,013,314,000","558,554,000","1,552,430,000","11,752",251,"1,672,010","6,666"
26,10,55,14,33,85,"46,036","46,284",34,"1,101,995","230,799",(Z),"1,101,824",100,83,57,94,34,63,99,"46,284,000","9,694,000","46,277,000",97,125,"5,243",42
26,11,104,39,51,36,"3,154","3,605",93,"47,431","33,891",(Z),"97,274",89,88,26,170,86,84,87,"3,605,000","2,576,000","7,393,000",170,22,"1,645",76
26,12,25,29,81,63,(D),"1,083",38,"30,087","2,378",(Z),"39,203",94,97,36,41,17,30,(D),"1,083,000","86,000","1,411,000",47,8,288,36
26,13,121,81,88,89,(D),"3,282",137,"35,673","47,077",(Z),"87,448",72,76,45,123,82,112,(D),"3,282,000","4,331,000","8,045,000",194,14,"1,249",92
27,1,"16,848","1,435",8,89,"5,718,976","10,385,466","7,367","588,578","180,606",36,"428,501",94,85,30,"31,025","9,286","21,924",55,"10,385,466,000","3,186,796,000","7,560,903,000","31,210",378,"6,676,963","17,645"
27,2,"3,133",355,12,88,"638,192","882,171","1,584","287,072","87,602",3,"214,677",93,85,23,"5,453","1,867","3,673",72,"882,171,000","269,201,000","659,703,000","5,540",212,"651,017","3,073"
27,3,445,124,28,66,"44,676","49,311",351,"110,811","24,960",(Z),"97,252",96,85,25,776,308,489,91,"49,311,000","11,107,000","43,277,000",797,68,"30,457",445
27,4,243,89,35,78,(D),(D),202,(D),(D),(D),"61,051",91,88,35,396,186,262,(D),(D),(D),"15,324,000",448,65,"16,212",251
27,5,18,13,50,77,(D),(D),32,(D),(D),(D),"279,852",100,88,31,46,27,25,(D),(D),(D),"7,276,000",52,28,732,26
27,6,"4,017",399,10,80,"564,450","1,007,689","2,157","253,315","85,174",4,"182,498",96,83,22,"6,892","2,447","4,498",56,"1,007,689,000","338,824,000","725,978,000","6,945",183,"727,219","3,978"
27,7,"29,496","1,502",5,87,"9,601,597","15,324,744","13,118","490,125","167,444",54,"356,321",94,81,29,"54,328","15,840","38,790",63,"15,324,744,000","5,235,463,000","11,141,081,000","54,630",485,"15,175,706","31,267"
27,8,"8,598",484,5,56,"553,177","808,328","4,775","91,378","28,351",3,"70,886",97,81,15,"14,948","5,662","9,584",68,"808,328,000","250,797,000","627,061,000","15,246",245,"2,164,319","8,846"
28,1,"6,411",313,4,45,"508,312","723,591","4,231","89,101","14,829",9,"81,677",95,73,20,"12,007","4,408","8,763",70,"723,591,000","120,424,000","663,300,000","13,171",290,"2,352,504","8,121"
28,2,"7,719",334,4,63,"2,543,071","3,441,145","4,769","367,565","102,289",42,"288,395",89,72,31,"12,817","5,066","10,754",74,"3,441,145,000","957,629,000","2,699,952,000","15,820",578,"5,414,420","9,362"
28,3,"7,600",464,5,27,"192,268","3,234,251","4,552","361,530","150,837",39,"217,577",96,73,22,"12,393","5,278","9,469",6,"3,234,251,000","1,349,390,000","1,946,447,000","14,747",207,"1,855,990","8,946"
28,4,"4,612",514,11,23,"74,531","848,788","3,134","174,612","64,881",10,"112,823",98,78,18,"7,923","3,151","5,136",9,"848,788,000","315,388,000","548,434,000","8,287",129,"628,583","4,861"
29,1,113,50,53,81,"9,447","9,825",100,"104,522","27,688",(Z),"92,994",85,81,38,167,65,118,96,"9,825,000","2,603,000","8,741,000",183,89,"8,328",94
29,2,"2,397",276,11,53,"126,014","187,045","1,379","77,323","9,470",1,"73,306",94,77,17,"4,341","1,535","2,866",67,"187,045,000","22,907,000","177,328,000","4,401",176,"424,740","2,419"
29,3,"10,011",459,4,42,"471,177","1,196,323","5,471","115,654","38,659",8,"83,005",95,77,16,"18,489","6,484","12,235",39,"1,196,323,000","399,889,000","858,601,000","18,719",256,"2,645,305","10,344"
29,4,"19,477",933,5,52,"1,444,431","3,465,940","10,621","167,283","54,904",24,"124,074",96,76,18,"36,196","13,700","23,094",42,"3,465,940,000","1,137,555,000","2,570,696,000","36,794",310,"6,430,727","20,719"
29,5,243,57,28,52,"2,405","3,160",195,"15,341","20,101",(Z),"42,935",91,86,24,341,165,214,76,"3,160,000","4,141,000","8,845,000",379,47,"9,664",206
29,6,"24,362","1,040",4,67,"3,754,140","5,312,044","13,271","195,901","68,095",36,"142,372",94,74,18,"47,390","16,846","31,095",71,"5,312,044,000","1,846,456,000","3,860,563,000","47,941",353,"9,560,680","27,116"
29,7,"10,755",823,8,33,"126,525","1,955,540","6,473","178,621","71,579",13,"114,626",97,77,16,"18,799","7,777","11,734",6,"1,955,540,000","783,644,000","1,254,922,000","19,511",181,"1,978,336","10,948"
29,8,"15,072",620,4,50,"1,926,967","2,567,144","8,802","160,036","49,003",17,"119,510",96,76,20,"28,203","10,591","18,133",75,"2,567,144,000","786,062,000","1,917,060,000","28,724",372,"5,968,463","16,041"
30,1,"6,919","1,044",13,20,"365,409","817,389","3,971","102,237","20,429",18,"96,571",94,84,21,"13,955","6,248","8,557",45,"817,389,000","163,333,000","772,081,000","14,805",864,"6,911,078","7,995"
30,2,"14,868",662,4,29,"2,118,047","3,727,148","7,753","229,067","59,890",82,"220,759",92,84,29,"29,053","11,582","18,671",57,"3,727,148,000","974,464,000","3,591,970,000","30,253","3,115","50,690,242","16,271"
31,1,"7,835",716,8,88,"2,299,525","5,830,796","4,017","688,243","179,182",20,"537,787",94,82,28,"14,890","4,809","10,143",39,"5,830,796,000","1,518,033,000","4,556,128,000","14,952",395,"3,350,555","8,472"
31,2,"1,578",186,11,90,"424,437","610,971",771,"357,293","115,013",2,"263,041",93,85,26,"2,956",950,"2,024",69,"610,971,000","196,672,000","449,800,000","2,974",337,"576,747","1,710"
31,3,"32,219","2,054",6,44,"11,284,008","22,971,631","16,138","669,785","173,945",78,"537,601",93,83,33,"62,072","20,605","41,752",49,"22,971,631,000","5,965,783,000","18,438,094,000","62,357","1,168","40,048,391","34,297"
32,1,13,11,52,29,(D),329,7,"15,658","23,080",(Z),"41,653",100,81,24,29,13,21,(D),"329,000","485,000","875,000",34,46,964,21
32,2,"2,499",667,26,11,"379,430","814,301","1,540","318,709","101,053",85,"244,149",93,85,25,"4,314","2,010","2,633",47,"814,301,000","258,192,000","623,800,000","4,643","2,063","5,271,551","2,555"
32,3,40,27,69,33,(D),"2,810",44,"72,062","6,980",(Z),"76,363",62,67,10,73,29,50,(D),"2,810,000","272,000","2,978,000",79,100,"3,886",39
32,4,526,162,32,12,"58,827","142,241",344,"280,554","48,425",15,"245,671",87,81,29,783,383,569,41,"142,241,000","24,552,000","124,555,000",952,"1,223","620,253",507
33,1,"1,188",366,29,26,"34,237","52,540",874,"41,305",835,21,"55,571",96,90,22,"2,283","1,059","1,270",65,"52,540,000","1,062,000","70,686,000","2,329",74,"94,618","1,272"
33,2,"2,537",525,20,25,"110,109","196,764","1,670","73,502","10,086",79,"70,933",96,89,20,"4,797","2,171","2,709",56,"196,764,000","26,999,000","189,889,000","4,880",120,"322,569","2,677"
34,1,385,98,28,75,"58,223","62,764",195,"181,398","28,977",4,"161,760",95,76,29,617,227,419,93,"62,764,000","10,026,000","55,969,000",646,55,"18,974",346
34,2,"2,383",596,25,74,"689,495","721,350","1,205","303,216","57,993",48,"254,618",94,81,28,"4,108","1,480","2,724",96,"721,350,000","137,965,000","605,735,000","4,204",99,"236,158","2,379"
34,3,"1,431",468,32,58,"213,201","237,781",709,"162,419","25,279",16,"161,377",93,83,32,"2,677","1,031","1,752",90,"237,781,000","37,009,000","236,256,000","2,783",90,"131,056","1,464"
34,4,704,237,38,50,"52,761","62,375",450,"100,120","27,442",4,"107,590",91,79,31,"1,167",441,770,85,"62,375,000","17,096,000","67,029,000","1,211",27,"16,595",623
34,5,955,290,31,48,"21,904","29,509",544,"31,293",901,2,"36,676",95,80,14,"1,701",675,"1,049",74,"29,509,000","850,000","34,586,000","1,724",56,"52,342",943
34,6,77,20,30,58,"12,572","13,152",47,"199,274","31,560",1,"233,406",85,74,42,113,14,101,96,"13,152,000","2,083,000","15,405,000",115,46,"3,032",66
34,7,"3,438",842,25,58,"234,833","281,377","1,946","83,149","6,080",19,"87,185",95,83,23,"6,173","2,597","3,728",83,"281,377,000","20,574,000","295,034,000","6,325",61,"207,975","3,384"
34,8,28,10,83,30,(D),(D),21,(D),(D),(D),(D),25,75,58,32,16,23,(D),(D),(D),(D),39,(D),(D),12
34,9,27,15,83,70,"4,221","4,237",8,"235,382","27,417",(Z),"212,596",89,78,50,44,23,21,100,"4,237,000","494,000","3,827,000",44,9,155,18
34,11,242,97,46,40,"16,307","17,386",170,"83,186","16,576",1,"141,681",90,87,35,438,166,280,94,"17,386,000","3,464,000","29,611,000",446,26,"5,342",209
34,12,567,168,31,67,"45,364","53,634",266,"98,230","25,257",4,"91,984",92,87,25,948,389,644,85,"53,634,000","13,791,000","50,223,000","1,033",73,"39,816",546
35,1,"2,490","1,039",37,2,"50,926","158,721","1,497","56,244","4,344",5,"63,226",96,77,21,"4,842","2,114","3,039",32,"158,721,000","12,259,000","178,424,000","5,153","2,261","6,380,877","2,822"
35,2,"5,538","2,747",44,3,"419,281","733,452","3,078","117,090","26,951",25,"101,478",95,75,21,"9,760","4,483","6,745",57,"733,452,000","168,819,000","635,658,000","11,228","1,873","11,734,022","6,264"
35,3,"9,355","3,148",26,8,"425,722","2,056,863","5,251","172,991","40,089",70,"145,444",95,66,18,"13,558","8,417","12,225",21,"2,056,863,000","476,660,000","1,729,327,000","20,642","1,767","21,013,664","11,890"
36,1,640,143,31,74,"235,917","258,108",276,"552,695","135,733",3,"470,295",87,90,67,"1,072",421,656,91,"258,108,000","63,388,000","219,628,000","1,077",65,"30,168",467
36,2,133,58,52,70,"103,889","106,051",64,"955,415","11,724",1,"958,210",82,93,61,200,82,127,98,"106,051,000","1,301,000","106,361,000",209,33,"3,653",111
36,3,41,12,41,40,"2,781","8,782",15,"302,819","131,204",(Z),"220,693",86,83,52,61,25,39,32,"8,782,000","3,805,000","6,400,000",64,23,665,29
36,9,17,15,100,(D),(D),"7,109",19,"473,919",(D),(Z),"402,499",67,80,27,15,13,17,(D),"7,109,000",(D),"6,037,000",30,(D),(D),15
36,13,24,12,100,100,21,26,18,"2,205",(D),(Z),"64,890",50,58,50,1,13,18,80,"26,000",(D),"779,000",31,1,12,12
36,14,29,16,94,(D),185,(D),19,(D),(D),(D),(D),29,100,24,37,21,18,76,(D),(D),(D),39,(D),(D),17
36,17,256,65,24,31,"14,691","24,782",173,"91,112","9,185",(Z),"152,815",84,90,44,571,232,360,59,"24,782,000","2,498,000","41,566,000",592,76,"20,733",272
36,18,"1,604",215,14,49,"186,640","231,268","1,049","154,591","11,324",3,"174,833",90,89,42,"3,047","1,244","1,893",81,"231,268,000","16,941,000","261,551,000","3,137",132,"197,290","1,496"
36,19,"4,273",487,11,53,"238,316","718,868","2,328","158,097","45,113",9,"122,686",94,81,23,"8,285","3,344","5,095",33,"718,868,000","205,129,000","557,851,000","8,439",200,"909,643","4,547"
36,20,"1,112",189,17,60,"76,849","170,601",690,"151,511","30,512",2,"142,840",93,86,28,"2,108",901,"1,257",45,"170,601,000","34,357,000","160,838,000","2,158",124,"139,765","1,126"
36,21,"6,797",527,8,56,"313,699","1,605,385","3,450","244,462","72,328",20,"180,179",95,77,22,"12,016","4,645","7,584",20,"1,605,385,000","474,978,000","1,183,238,000","12,229",234,"1,539,218","6,567"
36,22,"2,319",180,9,65,"222,606","652,621","1,021","314,819","108,970",8,"219,601",94,82,27,"3,947","1,499","2,493",34,"652,621,000","225,894,000","455,232,000","3,992",253,"524,689","2,073"
36,23,"5,728",568,10,58,"348,284","988,694","2,998","171,499","51,123",12,"130,852",96,77,22,"10,401","3,933","6,594",35,"988,694,000","294,722,000","754,362,000","10,527",197,"1,133,240","5,765"
36,24,"6,820",736,10,76,"1,136,108","2,990,867","3,511","422,022","133,172",37,"309,462",96,76,27,"12,952","4,736","8,330",38,"2,990,867,000","943,789,000","2,193,155,000","13,066",253,"1,795,639","7,087"
36,25,739,118,16,80,"207,368","219,853",379,"304,506","73,181",3,"259,319",96,85,31,"1,296",520,797,94,"219,853,000","52,837,000","187,228,000","1,317",206,"148,657",722
36,26,339,59,18,69,"43,369","53,410",218,"161,360","55,828",1,"123,328",94,92,30,618,254,372,81,"53,410,000","18,479,000","40,821,000",626,178,"58,801",331
37,1,"3,642",352,9,76,"1,512,066","2,989,727","2,110","731,700","212,163",16,"546,425",92,79,36,"6,200","1,866","4,991",51,"2,989,727,000","866,896,000","2,232,693,000","6,857",491,"2,005,096","4,086"
37,2,384,72,20,62,"21,323","22,195",273,"61,824","1,808",(Z),"79,586",96,85,31,622,223,484,96,"22,195,000","649,000","28,572,000",707,83,"29,863",359
37,3,"3,598",443,11,75,"1,085,484","6,313,112","2,060","1,595,832","564,976",34,"1,052,201",90,80,37,"6,230","1,866","4,692",17,"6,313,112,000","2,235,045,000","4,162,507,000","6,558",377,"1,489,675","3,956"
37,4,"2,320",288,11,42,(D),"171,187","1,594","67,476","8,065",1,"64,971",95,80,23,"4,004","1,570","2,748",(D),"171,187,000","20,461,000","164,833,000","4,318",133,"337,013","2,537"
37,5,"5,963",657,10,43,"322,654","1,310,553","3,109","192,728","61,644",7,"136,892",96,77,21,"11,262","3,824","7,632",25,"1,310,553,000","419,178,000","930,865,000","11,456",109,"740,218","6,800"
37,6,"1,839",175,9,39,"82,915","127,736","1,121","63,932","11,762",1,"60,510",96,76,22,"3,327","1,179","2,298",65,"127,736,000","23,500,000","120,900,000","3,477",144,"287,036","1,998"
37,7,"2,385",314,12,62,"385,641","1,901,364","1,489","750,045","291,048",10,"478,975",94,80,30,"3,444","1,309","2,981",20,"1,901,364,000","737,807,000","1,214,202,000","4,290",277,"702,807","2,535"
37,8,"4,042",437,10,57,"287,801","1,865,330","2,289","417,580","164,061",10,"261,825",96,77,19,"7,215","2,584","4,859",15,"1,865,330,000","732,859,000","1,169,571,000","7,443",158,"706,966","4,467"
37,9,"3,577",346,9,39,"143,165","1,660,411","2,283","419,614","145,184",9,"282,835",96,81,22,"6,334","2,442","4,240",9,"1,660,411,000","574,493,000","1,119,180,000","6,682",138,"545,315","3,957"
37,10,"4,199",398,9,46,"146,415","1,068,412","2,284","234,507","81,304",6,"158,032",97,77,17,"7,527","2,577","5,059",14,"1,068,412,000","370,420,000","719,992,000","7,636",108,"492,074","4,556"
37,11,"4,645",902,18,29,"189,626",(D),"2,991",(D),"9,382",(D),"57,277",96,78,21,"8,574","3,227","5,605",62,(D),"47,754,000","291,542,000","8,832",78,"396,961","5,090"
37,12,242,62,23,48,(D),(D),164,(D),"74,394",(D),"325,973",93,86,22,445,195,275,(D),(D),"20,012,000","87,687,000",470,66,"17,731",269
37,13,"1,747",248,13,69,"320,140","827,561","1,002","428,788","132,933",4,"308,006",95,79,27,"3,146","1,108","2,154",39,"827,561,000","256,561,000","594,452,000","3,262",185,"357,096","1,930"
37,14,241,60,22,41,"14,527","25,979",171,"93,789","21,849",(Z),"78,394",94,76,23,478,190,301,56,"25,979,000","6,052,000","21,715,000",491,73,"20,285",277
38,1,"22,991",507,2,68,"10,581,707","12,138,799","10,886","484,235","199,435",100,"365,532",95,81,31,"43,034","13,007","30,553",87,"12,138,799,000","4,999,442,000","9,163,166,000","43,560","1,537","38,537,022","25,068"
39,1,957,218,22,69,(D),"91,623",661,"93,113","10,501",1,"95,138",93,81,23,"1,762",721,"1,071",(D),"91,623,000","10,333,000","93,616,000","1,792",109,"107,457",984
39,2,"9,912",817,7,66,"945,058","1,199,303","5,543","109,196","31,556",8,"85,625",96,76,19,"18,611","6,461","12,408",79,"1,199,303,000","346,577,000","940,419,000","18,869",185,"2,031,214","10,983"
39,3,75,43,42,77,(D),(D),89,(D),"27,399",(D),"198,695",88,89,29,178,62,119,(D),(D),"2,822,000","20,466,000",181,99,"10,165",103
39,4,"9,709","1,322",13,89,"1,639,989","2,754,220","5,278","274,379","90,113",18,"195,054",95,80,20,"17,621","5,734","12,040",60,"2,754,220,000","904,559,000","1,957,949,000","17,774",218,"2,191,147","10,038"
39,5,"9,988","1,293",12,93,"2,264,643","4,127,891","4,954","374,208","138,860",27,"247,688",93,80,21,"18,730","4,913","13,923",55,"4,127,891,000","1,531,763,000","2,732,246,000","18,836",244,"2,690,600","11,031"
39,6,"7,852",695,8,47,"256,957","596,031","3,914","72,098","13,365",4,"63,304",97,73,16,"14,334","5,063","9,394",43,"596,031,000","110,490,000","523,332,000","14,457",139,"1,152,863","8,267"
39,7,"3,899",654,18,74,"242,058","728,081","2,207","204,173","57,195",5,"155,438",96,67,21,"6,549","2,322","4,259",33,"728,081,000","203,957,000","554,294,000","6,581",115,"411,830","3,566"
39,8,"3,972",567,13,87,"542,959","1,563,864","2,109","367,018","147,094",10,"228,171",95,80,21,"7,182","2,315","4,933",35,"1,563,864,000","626,768,000","972,236,000","7,248",170,"724,369","4,261"
39,9,"4,264",591,12,91,"1,012,787","1,277,975","2,177","270,014","73,352",8,"210,957",94,80,19,"7,951","2,281","5,714",79,"1,277,975,000","347,174,000","998,459,000","7,995",235,"1,110,393","4,733"
39,10,"1,847",375,19,86,"270,884","306,856","1,072","157,929","40,233",2,"127,627",95,85,19,"3,356","1,162","2,246",88,"306,856,000","78,173,000","247,979,000","3,408",164,"318,370","1,943"
39,11,43,25,66,33,(D),(D),15,(D),"7,610",(D),"138,443",89,100,47,48,37,30,(D),(D),"289,000","5,261,000",67,13,503,38
39,12,"11,802","1,261",11,55,"548,276","1,494,021","6,344","126,526","29,659",10,"102,778",96,71,15,"20,819","7,679","13,339",37,"1,494,021,000","350,219,000","1,213,606,000","21,018",141,"1,660,390","11,808"
39,13,830,285,34,66,"26,473","46,554",547,"55,225",703,(Z),"60,099",93,87,25,"1,515",559,982,57,"46,554,000","592,000","50,664,000","1,541",60,"50,170",843
39,14,"4,157",710,17,60,"272,620","361,315","2,427","85,196","15,449",2,"74,359",96,72,22,"7,460","2,733","4,796",75,"361,315,000","65,519,000","315,355,000","7,529",97,"412,805","4,241"
39,15,"3,191",475,15,91,"643,751","838,686","1,766","264,570","84,717",5,"192,405",94,85,22,"5,568","1,891","3,725",77,"838,686,000","268,552,000","609,924,000","5,616",246,"780,070","3,170"
40,1,"1,947",307,15,35,"84,349","132,793","1,442","66,898","8,837",2,"61,809",96,80,18,"2,955","1,474","2,198",64,"132,793,000","17,542,000","122,690,000","3,672",180,"357,787","1,985"
40,2,"25,210","1,425",5,24,"285,383","3,141,345","13,880","118,694","27,586",37,"96,572",98,78,18,"34,003","18,969","27,603",9,"3,141,345,000","730,090,000","2,555,872,000","46,572",297,"7,856,132","26,466"
40,3,"21,139","1,056",5,38,"1,004,887","4,265,627","13,148","182,941","39,472",50,"166,556",95,77,22,"38,302","15,750","26,114",24,"4,265,627,000","920,357,000","3,883,581,000","41,864",802,"18,710,380","23,317"
40,4,"11,285","1,096",9,30,"159,846","822,729","6,931","69,770","8,559",10,"71,878",97,79,17,"18,121","8,258","12,342",19,"822,729,000","100,924,000","847,586,000","20,600",402,"4,745,444","11,792"
40,5,"6,822",764,11,27,"53,667","178,035","4,421","26,113","7,418",2,"36,289",97,81,13,"10,586","4,945","7,090",30,"178,035,000","50,579,000","247,421,000","12,035",180,"1,227,820","6,818"
41,1,"3,083","1,016",35,58,"427,352","601,161","1,693","204,965","27,803",9,"189,220",96,89,27,"5,486","2,475","3,207",71,"601,161,000","81,546,000","554,983,000","5,682",79,"230,263","2,933"
41,2,"12,696","2,972",23,24,"1,794,987","3,130,544","7,805","244,957","33,858",46,"231,517",95,87,24,"23,673","10,602","13,861",57,"3,130,544,000","432,709,000","2,958,783,000","24,463","1,030","13,163,289","12,780"
41,3,"2,397","1,112",51,63,"376,610","383,523","1,522","176,983","31,646",6,"151,667",96,90,27,"3,957","1,810","2,359",98,"383,523,000","68,576,000","328,663,000","4,169",36,"77,965","2,167"
41,4,"5,584","1,686",30,30,"297,031","452,145","3,395","79,240","11,483",7,"79,944",96,87,23,"10,584","4,982","6,025",66,"452,145,000","65,524,000","456,162,000","11,007",129,"735,348","5,706"
41,5,"7,476","2,694",38,68,"832,466","1,046,308","4,530","147,700","17,758",15,"139,628",97,89,24,"13,348","6,171","7,540",80,"1,046,308,000","125,799,000","989,126,000","13,711",90,"634,146","7,084"
41,6,"5,273","1,847",38,75,"922,296","1,157,484","2,953","237,335","32,022",17,"217,920",96,89,26,"9,202","4,110","5,422",80,"1,157,484,000","156,170,000","1,062,796,000","9,532",93,"454,768","4,877"
42,1,"1,124",208,21,77,"72,239","110,286",539,"109,086","14,750",1,"107,333",95,89,29,"1,920",722,"1,228",66,"110,286,000","14,912,000","108,514,000","1,950",76,"77,192","1,011"
42,3,38,26,96,57,(D),(D),29,(D),"30,223",(D),"51,748",59,96,93,46,26,26,(D),(D),"816,000","1,397,000",52,10,280,27
42,4,"1,284",266,22,75,"210,312","286,066",700,"237,794","44,014",3,"205,489",93,84,29,"2,276",864,"1,443",74,"286,066,000","52,949,000","247,203,000","2,307",91,"108,895","1,203"
42,5,61,36,57,54,"3,599","3,900",62,"61,907","2,446",(Z),"80,019",92,73,32,118,38,86,92,"3,900,000","154,000","5,041,000",124,15,956,63
42,6,"1,796",358,20,66,"615,849","760,411","1,008","428,159","105,405",7,"348,439",94,78,39,"3,247","1,302","1,990",81,"760,411,000","187,199,000","618,828,000","3,292",91,"161,349","1,776"
42,7,"1,102",176,17,81,"131,738","177,367",484,"166,699","38,891",2,"144,427",93,83,27,"1,888",658,"1,277",74,"177,367,000","41,380,000","153,671,000","1,935",143,"151,699","1,064"
42,8,"1,122",100,9,40,"37,237","61,727",597,"54,242","8,772",1,"55,525",94,79,21,"2,105",731,"1,384",60,"61,727,000","9,983,000","63,187,000","2,115",164,"186,150","1,138"
42,9,"7,263",664,9,65,"447,028","1,960,491","3,408","265,039","98,527",19,"177,696",95,75,23,"13,564","4,571","9,073",23,"1,960,491,000","728,805,000","1,314,418,000","13,644",164,"1,212,769","7,397"
42,10,"1,915",284,15,76,"165,842","411,060",981,"212,764","57,230",4,"168,787",94,72,26,"3,442","1,173","2,310",40,"411,060,000","110,569,000","326,096,000","3,483",134,"258,202","1,932"
42,11,"6,457","1,195",20,78,"442,202","2,154,970","3,497","356,547","125,727",21,"246,013",97,59,33,"11,088","3,897","7,249",21,"2,154,970,000","759,892,000","1,486,904,000","11,146",91,"550,875","6,044"
42,12,245,39,14,60,"5,579","7,940",130,"29,519","7,470",(Z),"42,135",95,78,12,474,172,311,70,"7,940,000","2,009,000","11,334,000",483,98,"26,422",269
42,13,"8,338",890,11,67,"565,208","2,354,274","4,111","289,294","100,414",23,"204,293",95,71,26,"14,811","4,861","10,033",24,"2,354,274,000","817,168,000","1,662,536,000","14,894",169,"1,376,439","8,138"
42,14,"5,172",390,7,53,"180,410","408,127","2,376","74,205","16,450",4,"65,158",96,73,18,"9,905","3,619","6,357",44,"408,127,000","90,476,000","358,367,000","9,976",151,"830,802","5,500"
42,15,"7,760",614,8,53,"282,277","1,062,527","3,981","133,299","41,460",10,"99,994",96,71,20,"14,412","4,933","9,577",27,"1,062,527,000","330,480,000","797,055,000","14,510",165,"1,314,909","7,971"
42,16,"4,597",463,10,64,"306,292","487,494","2,047","103,261","25,774",5,"87,788",95,76,22,"8,498","2,960","5,608",63,"487,494,000","121,679,000","414,448,000","8,568",156,"735,132","4,721"
42,17,809,121,15,50,"25,457","33,324",492,"42,182","5,115",(Z),"42,937",96,84,19,"1,519",602,936,76,"33,324,000","4,041,000","33,920,000","1,538",84,"66,213",790
44,1,361,180,52,46,"17,852","26,555",323,"76,749","14,851",29,"78,476",92,86,30,631,285,378,67,"26,555,000","5,139,000","27,153,000",663,35,"12,077",346
44,2,728,272,38,24,"54,361","66,275",479,"93,609","26,936",71,"75,861",94,87,28,"1,253",547,728,82,"66,275,000","19,071,000","53,710,000","1,275",66,"46,999",708
45,1,790,136,15,15,"50,654","56,454",597,"64,079","5,789",1,"66,875",93,77,22,"1,304",535,962,90,"56,454,000","5,100,000","58,917,000","1,497",212,"186,403",881
45,2,"2,605",282,10,44,"182,025","730,850","1,556","258,616","67,171",17,"200,768",96,78,22,"4,541","1,870","2,999",25,"730,850,000","189,824,000","567,371,000","4,869",133,"376,550","2,826"
45,3,"6,275",639,9,28,"197,905","1,025,186","4,192","145,169","42,048",23,"108,450",97,79,16,"11,602","4,457","7,685",19,"1,025,186,000","296,940,000","765,872,000","12,142",130,"916,387","7,062"
45,4,"1,291",212,15,30,"30,690","42,904",893,"30,108","4,970",1,"29,655",97,79,16,"2,472","1,054","1,504",72,"42,904,000","7,082,000","42,259,000","2,558",71,"101,691","1,425"
45,5,"3,799",363,8,36,"236,742","986,097","2,404","217,250","99,272",22,"125,514",97,76,16,"6,840","2,593","4,839",24,"986,097,000","450,594,000","569,706,000","7,432",183,"830,529","4,539"
45,6,"2,811",280,8,51,"554,704","838,697","1,810","245,952","79,562",19,"187,092",94,75,26,"4,691","1,702","3,889",66,"838,697,000","271,307,000","637,985,000","5,591",389,"1,325,933","3,410"
45,7,"2,000",236,9,60,"361,943","747,016","1,227","300,007","99,682",17,"215,331",95,74,25,"3,659","1,280","2,728",48,"747,016,000","248,209,000","536,174,000","4,008",328,"816,429","2,490"
46,1,"26,960","1,115",4,44,"7,677,280","12,935,225","12,667","457,091","159,459",100,"355,936",93,82,29,"49,726","15,910","35,161",59,"12,935,225,000","4,512,536,000","10,072,625,000","51,071","1,495","42,304,601","28,299"
47,1,"8,066",865,9,39,"137,693","316,791","4,426","33,144","3,428",6,"31,867",99,74,16,"15,795","5,752","10,267",43,"316,791,000","32,763,000","304,580,000","16,019",89,"854,255","9,558"
47,2,"4,129",393,8,34,"127,485","201,438","2,432","41,680","8,035",4,"36,493",98,73,18,"8,163","2,918","5,355",63,"201,438,000","38,835,000","176,372,000","8,273",103,"495,473","4,833"
47,3,"4,338",362,8,36,"65,883","418,073","2,526","87,775","23,282",8,"69,167",98,75,16,"8,215","3,129","5,243",16,"418,073,000","110,894,000","329,441,000","8,372",116,"552,267","4,763"
47,4,"10,711",750,7,41,"492,434","1,134,870","5,540","100,094","21,123",22,"83,436",97,77,18,"19,065","7,045","12,505",43,"1,134,870,000","239,488,000","945,993,000","19,550",167,"1,893,039","11,338"
47,5,"3,993",280,7,36,"67,481","182,483","2,191","43,698","3,951",4,"43,743",98,78,16,"6,999","2,677","4,494",37,"182,483,000","16,498,000","182,673,000","7,171",136,"569,811","4,176"
47,6,"10,008",793,7,36,"229,601","514,001","5,294","48,087","7,104",10,"44,267",98,78,18,"17,806","6,503","11,603",45,"514,001,000","75,938,000","473,174,000","18,106",145,"1,549,616","10,689"
47,7,"7,305",483,6,44,"299,316","450,133","4,085","60,526","8,788",9,"58,745",97,78,17,"12,544","4,690","8,169",66,"450,133,000","65,353,000","436,884,000","12,859",187,"1,393,092","7,437"
47,8,"8,681",525,5,70,"1,512,843","1,870,487","4,998","188,690","48,433",36,"152,492",95,73,21,"16,032","5,568","11,197",81,"1,870,487,000","480,116,000","1,511,649,000","16,765",332,"3,291,955","9,913"
47,9,363,58,15,77,"71,058","72,758",204,"182,809","42,451",1,"152,046",93,79,23,603,222,480,98,"72,758,000","16,896,000","60,514,000",702,335,"133,443",398
48,1,"11,524","1,371",11,23,"89,980","2,256,993","6,700","181,401","58,826",7,"126,947",98,75,16,"19,310","8,494","12,917",4,"2,256,993,000","731,912,000","1,579,472,000","21,411",173,"2,147,641","12,442"
48,2,527,169,29,22,"2,555","6,220",370,"10,761","13,686",(Z),"25,521",99,78,14,911,439,579,41,"6,220,000","7,911,000","14,751,000","1,018",47,"27,422",578
48,3,"5,090","1,018",21,42,"66,201","156,394","2,917","31,781","5,678",(Z),"41,841",98,82,13,"8,051","3,694","4,857",42,"156,394,000","27,942,000","205,899,000","8,551",90,"441,296","4,921"
48,4,"11,636","1,149",9,39,"218,305","879,121","7,247","72,445","11,449",3,"66,507",98,79,15,"19,736","8,477","12,531",25,"879,121,000","138,929,000","807,067,000","21,008",186,"2,255,029","12,135"
48,5,"8,867","1,158",12,27,"115,364","533,647","5,461","55,214","5,868",2,"51,930",98,78,13,"15,585","6,793","9,750",22,"533,647,000","56,717,000","501,899,000","16,543",129,"1,248,716","9,665"
48,6,"10,876","1,112",9,32,"289,588","663,973","6,783","56,288","7,306",2,"55,916",98,77,15,"18,666","8,006","12,234",44,"663,973,000","86,183,000","659,583,000","20,240",210,"2,477,815","11,796"
48,7,62,34,42,21,618,"1,687",61,"20,824","7,705",(Z),"31,961",100,75,32,107,58,79,37,"1,687,000","624,000","2,589,000",137,175,"14,163",81
48,8,"2,961",517,16,21,"37,783","79,363","1,733","24,949","6,921",(Z),"35,360",98,78,15,"5,167","2,356","3,306",48,"79,363,000","22,015,000","112,479,000","5,662",126,"399,447","3,181"
48,9,219,65,27,23,"7,169","9,157",111,"38,636","3,062",(Z),"37,235",99,76,15,265,160,270,78,"9,157,000","726,000","8,825,000",430,63,"15,044",237
48,10,"15,536","1,381",7,18,"368,017","1,054,986","9,157","56,873","1,538",3,"60,023",97,73,16,"29,944","12,716","19,539",35,"1,054,986,000","28,530,000","1,113,429,000","32,255",196,"3,635,242","18,550"
48,11,"11,755",902,7,13,"137,342","612,639","8,103","46,838","1,703",2,"62,668",96,78,18,"22,658","8,874","14,370",22,"612,639,000","22,281,000","819,694,000","23,244",843,"11,025,930","13,080"
48,12,"3,690",981,27,21,"7,251","47,343","2,399","13,064","8,686",(Z),"26,351",98,83,11,"6,229","2,868","3,578",15,"47,343,000","31,477,000","95,495,000","6,446",71,"258,560","3,624"
48,13,"14,590","1,177",8,29,"1,560,846","10,310,330","9,649","665,827","198,214",32,"499,319",93,78,21,"26,555","10,285","16,975",15,"10,310,330,000","3,069,338,000","7,731,949,000","27,260","1,356","20,996,558","15,485"
48,14,"3,112",710,22,27,"82,791","127,314","1,872","39,380","4,741",(Z),"38,583",98,78,15,"4,945","2,153","3,296",65,"127,314,000","15,329,000","124,739,000","5,449",185,"599,567","3,233"
48,15,"7,974",953,11,22,"326,325","626,173","4,850","72,281","8,367",2,"73,340",96,71,17,"14,457","5,546","9,504",52,"626,173,000","72,481,000","635,343,000","15,050",294,"2,545,277","8,663"
48,16,217,234,80,3,"5,520","5,947",139,"20,436","7,471",(Z),"31,541",96,87,23,420,201,276,93,"5,947,000","2,174,000","9,178,000",477,505,"147,053",291
48,17,"13,747","1,302",8,27,"233,772","1,978,986","8,087","124,433","26,027",6,"104,053",97,76,16,"25,027","10,765","16,520",12,"1,978,986,000","413,936,000","1,654,867,000","27,285",250,"3,981,709","15,904"
48,18,33,24,53,51,"5,060","8,858",48,"196,839","13,098",(Z),"190,307",100,87,40,65,24,58,57,"8,858,000","589,000","8,564,000",82,"1,269","57,085",45
48,19,"15,443","1,006",6,50,"1,347,272","6,791,146","10,400","405,490","131,092",21,"335,181",91,73,25,"29,468","10,913","19,132",20,"6,791,146,000","2,195,534,000","5,613,605,000","30,045","1,051","17,597,638","16,748"
48,20,78,14,19,29,204,463,66,"6,171","10,667",(Z),"17,345",91,40,16,144,50,100,44,"463,000","800,000","1,301,000",150,57,"4,298",75
48,21,"6,888",688,9,6,"35,926","116,826","4,307","15,045","11,915",(Z),"31,600",95,81,17,"14,039","5,980","8,307",31,"116,826,000","92,523,000","245,375,000","14,287",301,"2,338,363","7,765"
48,22,"3,744",549,14,42,"520,562","634,737","2,123","158,367","42,875",2,"131,205",95,74,24,"6,238","2,591","4,400",82,"634,737,000","171,842,000","525,872,000","6,991",371,"1,487,453","4,008"
48,23,"8,129",665,8,4,"479,921","997,248","4,626","113,621","5,957",3,"130,648",93,75,24,"15,514","5,579","10,297",48,"997,248,000","52,280,000","1,146,699,000","15,876","3,306","29,016,087","8,777"
48,24,206,103,51,22,"3,252","4,335",162,"21,356","18,198",(Z),"41,561",97,84,25,357,162,220,75,"4,335,000","3,694,000","8,437,000",382,129,"26,192",203
48,25,"12,788","1,430",10,18,"115,837","1,048,988","8,230","76,362","7,816",3,"74,731",97,80,15,"23,516","9,793","14,232",11,"1,048,988,000","107,364,000","1,026,578,000","24,025",353,"4,847,447","13,737"
48,26,"6,125","1,399",23,31,"44,157","180,796","3,764","29,455","15,115",1,"52,001",98,82,15,"10,422","4,470","6,210",24,"180,796,000","92,775,000","319,182,000","10,680",136,"833,271","6,138"
48,27,"12,485",987,7,26,"452,141","1,706,748","6,799","120,261","26,768",5,"102,635",96,74,18,"23,901","9,539","15,361",26,"1,706,748,000","379,892,000","1,456,597,000","24,900",359,"5,090,393","14,192"
48,28,"5,849",439,6,6,"63,962","262,569","3,241","38,744","2,065",1,"49,838",96,62,21,"11,083","3,864","7,515",24,"262,569,000","13,994,000","337,754,000","11,379",884,"5,992,550","6,777"
48,29,33,10,31,10,45,236,40,"7,372","11,464",(Z),"19,101",100,47,31,58,26,32,19,"236,000","367,000","611,000",58,(D),(D),32
48,30,309,145,43,36,"14,552","20,736",226,"62,084","8,931",(Z),"58,500",92,66,25,403,216,330,70,"20,736,000","2,983,000","19,539,000",546,86,"28,695",334
48,31,"8,152",856,10,20,"119,079","402,101","4,999","44,912","2,515",1,"51,887",96,80,14,"15,299","6,406","9,406",30,"402,101,000","22,519,000","464,542,000","15,812",308,"2,760,974","8,953"
48,32,43,15,34,63,136,223,23,"5,069",(D),(Z),"21,576",100,66,11,72,35,43,61,"223,000",(D),"949,000",78,56,"2,464",44
48,33,53,27,44,27,354,479,23,"7,857",(D),(Z),"26,901",98,70,23,65,49,30,74,"479,000",(D),"1,641,000",79,(D),(D),61
48,34,"2,608",756,28,26,"345,090","409,654","1,768","149,947","54,024",1,"124,981",95,68,29,"4,403","1,520","3,000",84,"409,654,000","147,593,000","341,447,000","4,520",792,"2,163,152","2,732"
48,35,405,75,14,16,"22,418","37,111",237,"68,723","8,473",(Z),"80,244",97,73,16,831,355,558,60,"37,111,000","4,575,000","43,332,000",913,197,"106,621",540
48,36,"4,753",913,18,34,"103,849","163,886","2,714","32,517","5,462",1,"40,392",99,75,16,"7,837","3,423","5,145",63,"163,886,000","27,529,000","203,578,000","8,568",166,"835,843","5,040"
48,37,165,32,17,44,"2,315","4,969",88,"26,018","4,058",(Z),"45,624",88,84,24,333,131,224,47,"4,969,000","775,000","8,714,000",355,116,"22,147",191
48,38,374,120,30,12,"21,089","24,177",237,"59,844","9,207",(Z),"63,913",93,83,20,642,280,404,87,"24,177,000","3,720,000","25,821,000",684,99,"39,985",404
49,1,"5,405","1,775",36,20,"221,724","536,047","3,200","108,798","26,366",23,"91,710",93,82,22,"9,301","3,264","6,162",41,"536,047,000","129,907,000","451,856,000","9,426",493,"2,426,595","4,927"
49,2,"4,169","1,010",25,19,"242,417","1,053,482","2,668","259,223","65,755",45,"204,731",93,80,24,"7,697","2,818","4,996",23,"1,053,482,000","267,226,000","832,027,000","7,814",471,"1,913,307","4,064"
49,3,"5,337","1,486",29,7,"97,202","239,812","2,899","46,701","5,511",10,"47,536",95,80,17,"8,647","3,838","5,868",41,"239,812,000","28,298,000","244,098,000","9,706","1,064","5,463,546","5,135"
49,4,"3,678","1,429",44,28,"156,473","512,258","2,224","157,134","33,810",22,"132,930",95,84,18,"6,243","2,374","3,950",31,"512,258,000","110,219,000","433,351,000","6,324",212,"691,475","3,260"
50,1,"6,358",816,12,37,"326,483","1,033,194","4,032","158,053","47,517",100,"121,511",94,88,28,"12,266","5,077","7,393",32,"1,033,194,000","310,620,000","794,317,000","12,470",180,"1,173,890","6,537"
51,1,"1,489",260,17,67,"273,583","340,349","1,013","217,337","59,401",6,"171,390",92,82,29,"2,491",907,"1,784",80,"340,349,000","93,023,000","268,396,000","2,691",293,"459,075","1,566"
51,2,"1,269",203,16,74,"317,259","662,596",751,"530,926","160,917",12,"395,834",92,85,32,"2,002",695,"1,477",48,"662,596,000","200,824,000","494,000,000","2,172",304,"379,094","1,248"
51,3,37,15,44,(D),"4,724","4,773",18,"140,386","15,142",(Z),"137,293",79,82,29,57,28,35,99,"4,773,000","515,000","4,668,000",63,58,"1,975",34
51,4,"1,203",147,10,55,"197,969","316,494",718,"221,325","52,578",6,"184,280",93,76,31,"2,106",823,"1,574",63,"316,494,000","75,187,000","263,520,000","2,397",356,"509,434","1,430"
51,5,"7,310",502,6,33,"299,009","731,269","4,419","84,834","16,775",13,"76,705",96,76,23,"13,923","5,622","9,270",41,"731,269,000","144,599,000","661,194,000","14,892",206,"1,779,956","8,620"
51,6,"7,237","1,015",13,37,"250,615","2,270,146","3,975","292,733","105,554",41,"195,313",96,77,22,"13,585","5,238","8,577",11,"2,270,146,000","818,575,000","1,514,655,000","13,815",153,"1,187,388","7,755"
51,7,"2,410",265,10,47,"253,543","344,813","1,616","129,337","30,531",6,"110,966",94,84,24,"4,456","1,919","2,835",74,"344,813,000","81,396,000","295,835,000","4,754",192,"512,451","2,666"
51,8,14,7,64,(D),(D),14,6,"1,233","2,579",(Z),"3,812",64,100,27,16,5,11,(D),"14,000","28,000","42,000",16,88,967,11
51,9,"10,952",969,8,28,"193,745","682,324","5,824","54,412","8,236",12,"50,568",97,73,19,"20,841","7,450","13,764",28,"682,324,000","103,284,000","634,127,000","21,214",167,"2,091,732","12,540"
51,10,"3,177",339,11,40,"91,503","138,890","1,996","45,182","10,559",3,"70,408",93,89,27,"5,481","2,520","3,189",66,"138,890,000","32,457,000","216,434,000","5,709",126,"385,939","3,074"
51,11,55,39,76,33,(D),328,42,"6,434","16,474",(Z),"26,333",94,90,27,69,30,45,(D),"328,000","840,000","1,343,000",75,33,"1,676",51
53,1,700,321,54,59,"44,049","55,320",429,"92,354","13,210",(Z),"115,749",94,90,27,"1,084",574,640,80,"55,320,000","7,913,000","69,334,000","1,214",27,"16,331",599
53,2,"3,440","1,141",34,64,"599,445","1,051,519","1,892","314,732","62,122",8,"262,042",95,86,27,"5,858","2,801","3,460",57,"1,051,519,000","207,548,000","875,482,000","6,261",79,"263,355","3,341"
53,3,"4,448","1,412",29,39,"166,357","465,652","2,880","96,309","15,801",4,"87,177",97,85,22,"8,392","3,868","4,856",36,"465,652,000","76,396,000","421,501,000","8,724",60,"290,241","4,835"
53,4,"8,086","2,311",29,44,"5,498,068","7,292,564","3,802","924,045","161,695",57,"797,534",92,85,36,"14,628","5,659","9,548",75,"7,292,564,000","1,276,097,000","6,294,142,000","15,207",756,"5,970,178","7,892"
53,5,"7,449",977,13,64,"2,297,801","2,981,846","3,942","386,199","96,356",23,"322,759",92,85,29,"14,330","5,915","8,733",77,"2,981,846,000","743,963,000","2,492,023,000","14,648",877,"6,769,022","7,721"
53,6,"2,204",945,42,19,"60,213","187,089","1,241","83,003","11,457",1,"82,087",95,86,23,"3,919","1,976","2,201",32,"187,089,000","25,824,000","185,025,000","4,177",79,"176,991","2,254"
53,7,162,116,62,14,"3,432","4,174",132,"22,319","7,700",(Z),"38,111",93,87,27,328,170,192,82,"4,174,000","1,440,000","7,127,000",362,43,"8,084",187
53,8,"4,141","1,427",34,39,"426,998","591,951","2,471","141,345","15,674",5,"139,968",95,89,28,"7,459","3,578","4,291",72,"591,951,000","65,643,000","586,186,000","7,869",77,"320,915","4,188"
53,9,93,54,58,38,"6,904","7,090",72,"76,232","13,455",(Z),"111,956",86,76,48,136,96,95,97,"7,090,000","1,251,000","10,412,000",191,21,"1,997",93
53,10,857,436,45,34,"54,942","114,368",494,"118,393","7,799",1,"116,240",95,89,26,"1,715",840,960,48,"114,368,000","7,534,000","112,288,000","1,800",40,"38,300",966
54,1,"8,868",726,7,22,"92,463","324,623","5,639","32,691","5,082",34,"30,255",98,72,13,"16,675","5,895","11,009",28,"324,623,000","50,463,000","300,435,000","16,904",170,"1,687,287","9,930"
54,2,"11,538","1,084",8,27,"139,787","623,142","6,848","48,467","11,681",66,"39,461",97,72,12,"21,931","7,956","14,249",22,"623,142,000","150,177,000","507,354,000","22,205",145,"1,861,817","12,857"
55,1,"2,323",496,22,87,(D),"675,071","1,286","294,149","77,525",4,"230,016",93,86,24,"4,069","1,482","2,632",(D),"675,071,000","177,921,000","527,886,000","4,114",207,"474,743","2,295"
55,2,"8,041",907,11,74,"1,022,102","2,180,546","3,963","263,829","72,658",13,"203,940",95,83,24,"15,084","5,709","9,493",47,"2,180,546,000","600,518,000","1,685,568,000","15,202",221,"1,825,856","8,265"
55,3,"17,474","1,261",7,62,"1,852,694","4,206,950","8,402","242,980","69,068",25,"183,747",96,77,21,"31,284","11,231","20,239",44,"4,206,950,000","1,195,843,000","3,181,396,000","31,470",241,"4,175,460","17,314"
55,4,46,46,90,67,(D),"2,716",51,"53,246","15,993",(Z),"38,503",98,67,25,37,34,60,(D),"2,716,000","816,000","1,964,000",94,3,144,51
55,5,"2,971",454,15,79,"421,788","1,032,210","1,403","343,383","91,922",6,"265,181",94,81,25,"5,375","1,908","3,524",41,"1,032,210,000","276,318,000","797,133,000","5,432",215,"644,810","3,006"
55,6,"7,557",910,12,81,"1,005,033","2,584,057","3,541","344,771","88,602",15,"268,594",95,80,24,"13,405","4,429","9,090",39,"2,584,057,000","664,075,000","2,013,113,000","13,519",232,"1,740,696","7,495"
55,7,"13,616",907,7,62,"1,102,269","3,167,054","6,119","239,638","70,398",19,"177,342",96,76,22,"23,478","8,587","15,218",35,"3,167,054,000","930,376,000","2,343,753,000","23,805",248,"3,278,335","13,216"
55,8,"7,131",827,12,78,"641,359","2,850,174","3,136","414,330","103,119",17,"323,925",95,79,25,"12,155","4,220","8,064",23,"2,850,174,000","709,357,000","2,228,278,000","12,284",239,"1,644,634","6,879"
56,1,"9,855",812,8,8,"358,030","1,600,189","5,494","151,763","28,383",100,"145,476",93,84,24,"19,821","8,313","11,879",22,"1,600,189,000","299,266,000","1,533,898,000","20,192","2,729","28,776,321","10,544"
